source,chunk_no,filename,words
GRDB-README.md,1,GRDB-README_01.md,695
GRDB-README.md,2,GRDB-README_02.md,788
GRDB-README.md,3,GRDB-README_03.md,627
GRDB-README.md,4,GRDB-README_04.md,616
GRDB-README.md,5,GRDB-README_05.md,1266
GRDB-README.md,6,GRDB-README_06.md,933
GRDB-README.md,7,GRDB-README_07.md,614
GRDB-README.md,8,GRDB-README_08.md,648
GRDB-README.md,9,GRDB-README_09.md,425
GRDB-README.md,10,GRDB-README_10.md,644
GRDB-README.md,11,GRDB-README_11.md,642
GRDB-README.md,12,GRDB-README_12.md,603
GRDB-README.md,13,GRDB-README_13.md,614
GRDB-README.md,14,GRDB-README_14.md,682
GRDB-README.md,15,GRDB-README_15.md,615
GRDB-README.md,16,GRDB-README_16.md,619
GRDB-README.md,17,GRDB-README_17.md,730
GRDB-README.md,18,GRDB-README_18.md,625
GRDB-README.md,19,GRDB-README_19.md,635
GRDB-README.md,20,GRDB-README_20.md,636
GRDB-README.md,21,GRDB-README_21.md,669
GRDB-README.md,22,GRDB-README_22.md,609
GRDB-README.md,23,GRDB-README_23.md,606
GRDB-README.md,24,GRDB-README_24.md,612
GRDB-README.md,25,GRDB-README_25.md,605
GRDB-README.md,26,GRDB-README_26.md,611
GRDB-README.md,27,GRDB-README_27.md,624
GRDB-README.md,28,GRDB-README_28.md,614
GRDB-README.md,29,GRDB-README_29.md,622
GRDB-README.md,30,GRDB-README_30.md,618
GRDB-README.md,31,GRDB-README_31.md,676
GRDB-README.md,32,GRDB-README_32.md,613
GRDB-README.md,33,GRDB-README_33.md,1346
GRDB-README.md,34,GRDB-README_34.md,655
GRDB-README.md,35,GRDB-README_35.md,640
GRDB-README.md,36,GRDB-README_36.md,606
GRDB-README.md,37,GRDB-README_37.md,636
GRDB-README.md,38,GRDB-README_38.md,676
GRDB-README.md,39,GRDB-README_39.md,655
GRDB-README.md,40,GRDB-README_40.md,693
GRDB-README.md,41,GRDB-README_41.md,648
GRDB-README.md,42,GRDB-README_42.md,645
GRDB-README.md,43,GRDB-README_43.md,1269
GRDB-README.md,44,GRDB-README_44.md,444
